image_name,tags
test_0,clear primary
test_1,clear primary
test_2,agriculture partly_cloudy primary
test_3,agriculture clear cultivation primary
test_4,cloudy partly_cloudy primary
test_5,clear primary
test_6,agriculture clear cultivation habitation partly_cloudy primary road water
test_7,agriculture clear habitation primary road water
test_8,clear primary
test_9,agriculture cultivation haze primary
test_10,partly_cloudy primary water
test_11,agriculture clear cultivation habitation primary road selective_logging
test_12,cloudy
test_13,agriculture clear primary road water
test_14,agriculture clear cultivation primary
test_15,clear primary
test_16,agriculture clear cultivation habitation primary road
test_17,clear partly_cloudy primary
test_18,clear haze primary
test_19,agriculture clear primary road water
test_20,agriculture clear cultivation primary road water
test_21,agriculture clear primary water
test_22,agriculture clear cultivation habitation primary road water
test_23,cloudy
test_24,agriculture cultivation partly_cloudy primary road water
test_25,clear primary
test_26,agriculture clear cultivation partly_cloudy primary road
test_27,agriculture clear primary road
test_28,agriculture clear habitation primary road
test_29,clear primary
test_30,agriculture cultivation partly_cloudy primary
test_31,cloudy
test_32,clear primary
test_33,agriculture clear cultivation haze primary road water
test_34,cloudy
test_35,clear primary
test_36,clear primary
test_37,clear primary
test_38,clear primary
test_39,clear primary
test_40,clear primary water
test_41,partly_cloudy primary
test_42,clear primary
test_43,clear primary
test_44,agriculture clear cultivation primary
test_45,agriculture haze primary water
test_46,agriculture haze primary water
test_47,clear primary
test_48,clear primary
test_49,agriculture clear haze primary road water
test_50,clear primary
test_51,clear primary water
test_52,agriculture clear cultivation habitation primary road
test_53,agriculture clear habitation primary road water
test_54,clear primary
test_55,partly_cloudy primary
test_56,clear haze primary
test_57,agriculture artisinal_mine clear cultivation primary road selective_logging water
test_58,clear primary
test_59,agriculture clear primary road water
test_60,clear primary
test_61,cloudy
test_62,agriculture clear cultivation primary road water
test_63,clear primary
test_64,agriculture clear cultivation primary water
test_65,clear primary
test_66,clear primary
test_67,agriculture clear cultivation habitation primary road water
test_68,cloudy
test_69,agriculture clear cultivation primary
test_70,clear primary
test_71,agriculture partly_cloudy primary
test_72,clear primary water
test_73,agriculture clear partly_cloudy primary road water
test_74,partly_cloudy primary
test_75,agriculture clear cultivation habitation partly_cloudy primary road
test_76,clear primary
test_77,clear primary
test_78,clear primary
test_79,agriculture clear cultivation primary
test_80,cloudy haze primary
test_81,cloudy haze
test_82,agriculture clear cultivation primary
test_83,agriculture clear primary
test_84,agriculture clear habitation haze primary road water
test_85,agriculture bare_ground clear primary road water
test_86,clear primary
test_87,partly_cloudy primary
test_88,agriculture clear cultivation primary road
test_89,cloudy
test_90,cloudy
test_91,agriculture clear cultivation habitation primary road water
test_92,cloudy
test_93,clear primary
test_94,clear primary
test_95,agriculture cultivation partly_cloudy primary road water
test_96,cloudy partly_cloudy primary
test_97,clear primary
test_98,partly_cloudy primary
test_99,clear cloudy water
test_100,agriculture clear primary road water
test_101,agriculture clear cultivation habitation primary road
test_102,clear primary
test_103,agriculture clear primary water
test_104,partly_cloudy primary
test_105,clear primary
test_106,haze primary
test_107,agriculture clear cultivation primary
test_108,agriculture clear cultivation habitation partly_cloudy primary road
test_109,agriculture cultivation partly_cloudy primary road water
test_110,partly_cloudy primary
test_111,clear partly_cloudy primary
test_112,agriculture cultivation partly_cloudy primary
test_113,agriculture clear haze primary
test_114,agriculture clear cultivation haze primary road water
test_115,agriculture clear cultivation primary road
test_116,agriculture cultivation partly_cloudy primary road
test_117,agriculture clear partly_cloudy primary water
test_118,clear habitation primary road
test_119,clear primary
test_120,agriculture clear haze primary road water
test_121,clear primary
test_122,clear primary
test_123,clear partly_cloudy primary
test_124,clear partly_cloudy primary
test_125,agriculture partly_cloudy primary
test_126,agriculture clear cultivation primary road
test_127,cloudy
test_128,clear primary water
test_129,clear primary
test_130,clear primary
test_131,clear primary
test_132,clear primary water
test_133,agriculture clear cultivation haze primary
test_134,agriculture clear cultivation primary road
test_135,agriculture clear habitation primary road
test_136,clear primary
test_137,agriculture clear cultivation primary road
test_138,agriculture cloudy cultivation partly_cloudy primary road
test_139,clear primary
test_140,agriculture clear cultivation primary road
test_141,clear primary
test_142,clear primary
test_143,agriculture clear habitation primary road water
test_144,agriculture clear cultivation haze primary road
test_145,agriculture clear cultivation primary water
test_146,agriculture clear cultivation habitation partly_cloudy primary road water
test_147,agriculture clear cultivation primary
test_148,partly_cloudy primary water
test_149,partly_cloudy primary
test_150,agriculture clear cultivation habitation primary road
test_151,clear primary water
test_152,agriculture clear primary road water
test_153,clear primary
test_154,clear primary
test_155,agriculture clear cultivation habitation primary road
test_156,agriculture partly_cloudy primary
test_157,agriculture clear haze primary water
test_158,clear primary
test_159,agriculture cloudy partly_cloudy primary water
test_160,agriculture clear cultivation haze primary water
test_161,clear primary
test_162,clear primary water
test_163,clear partly_cloudy primary
test_164,clear haze primary
test_165,agriculture haze partly_cloudy primary water
test_166,clear primary
test_167,clear primary
test_168,clear primary
test_169,partly_cloudy primary
test_170,agriculture cultivation partly_cloudy primary road water
test_171,clear cloudy primary water
test_172,cloudy
test_173,clear primary
test_174,agriculture clear primary road water
test_175,clear primary
test_176,partly_cloudy primary
test_177,partly_cloudy primary
test_178,agriculture cloudy haze primary
test_179,agriculture artisinal_mine bare_ground clear cloudy partly_cloudy primary road water
test_180,clear primary
test_181,agriculture clear primary
test_182,agriculture partly_cloudy primary
test_183,haze primary
test_184,clear primary
test_185,agriculture artisinal_mine bare_ground clear partly_cloudy primary road water
test_186,agriculture clear cultivation habitation primary road water
test_187,agriculture cultivation partly_cloudy primary road water
test_188,agriculture clear cultivation primary
test_189,agriculture clear cultivation habitation primary road
test_190,agriculture clear cultivation partly_cloudy primary road
test_191,clear primary
test_192,clear primary
test_193,agriculture clear cultivation primary road water
test_194,agriculture clear habitation primary road
test_195,agriculture clear haze primary water
test_196,clear primary
test_197,clear primary
test_198,agriculture clear partly_cloudy primary road water
test_199,agriculture clear cultivation habitation primary road
test_200,clear haze primary
test_201,cloudy haze primary
test_202,agriculture clear cultivation primary
test_203,agriculture artisinal_mine bare_ground clear cloudy partly_cloudy primary road water
test_204,agriculture clear cultivation primary
test_205,clear primary
test_206,clear primary
test_207,clear haze primary
test_208,clear haze primary water
test_209,clear primary
test_210,clear primary
test_211,agriculture clear habitation primary road
test_212,agriculture cultivation habitation partly_cloudy primary road water
test_213,agriculture clear cultivation primary road
test_214,partly_cloudy primary
test_215,agriculture clear primary road water
test_216,agriculture clear primary road water
test_217,agriculture clear cultivation primary water
test_218,agriculture clear cultivation primary road
test_219,agriculture clear cultivation primary
test_220,cloudy
test_221,agriculture clear partly_cloudy primary road water
test_222,cloudy
test_223,clear primary
test_224,agriculture clear cultivation habitation primary road selective_logging water
test_225,clear primary
test_226,clear primary
test_227,agriculture clear primary water
test_228,agriculture clear cultivation haze primary road water
test_229,agriculture clear cultivation habitation primary road water
test_230,agriculture clear cultivation partly_cloudy primary road
test_231,cloudy haze partly_cloudy primary water
test_232,agriculture clear haze primary
test_233,clear primary
test_234,clear primary
test_235,clear primary
test_236,clear primary
test_237,partly_cloudy primary
test_238,agriculture artisinal_mine bare_ground clear cultivation partly_cloudy primary road water
test_239,agriculture clear cultivation primary road water
test_240,agriculture clear cultivation habitation primary road
test_241,agriculture cultivation partly_cloudy primary road water
test_242,agriculture artisinal_mine clear cultivation primary road water
test_243,agriculture artisinal_mine clear habitation primary road water
test_244,clear primary
test_245,clear primary
test_246,clear primary
test_247,clear primary
test_248,agriculture clear habitation primary road
test_249,agriculture artisinal_mine clear cultivation habitation primary road selective_logging water
test_250,clear habitation primary road
test_251,clear habitation primary road
test_252,agriculture clear primary road water
test_253,agriculture partly_cloudy primary
test_254,clear primary
test_255,clear primary
test_256,clear primary
test_257,agriculture clear primary road water
test_258,clear primary
test_259,agriculture clear primary road water
test_260,clear haze primary
test_261,clear primary
test_262,agriculture clear cultivation habitation primary road
test_263,agriculture clear primary road
test_264,haze primary
test_265,agriculture cloudy cultivation haze partly_cloudy primary water
test_266,agriculture cultivation partly_cloudy primary water
test_267,clear primary
test_268,agriculture clear cultivation primary road
test_269,agriculture clear cultivation habitation primary road
test_270,agriculture artisinal_mine clear partly_cloudy primary water
test_271,clear primary
test_272,agriculture clear cultivation habitation primary road
test_273,clear cloudy haze primary water
test_274,agriculture clear cultivation habitation primary road water
test_275,cloudy haze primary
test_276,agriculture clear cultivation primary road
test_277,agriculture clear cultivation haze primary
test_278,clear primary
test_279,clear partly_cloudy primary
test_280,clear partly_cloudy primary
test_281,agriculture bare_ground clear primary road
test_282,agriculture clear habitation primary road water
test_283,clear primary
test_284,clear primary
test_285,agriculture clear cultivation primary road
test_286,agriculture cultivation partly_cloudy primary road selective_logging water
test_287,agriculture clear cultivation habitation primary road water
test_288,agriculture clear cultivation habitation primary road
test_289,agriculture clear cultivation habitation primary road water
test_290,clear primary
test_291,agriculture clear cultivation primary road
test_292,clear primary
test_293,agriculture clear cultivation primary road water
test_294,clear primary
test_295,agriculture clear cultivation primary road water
test_296,agriculture partly_cloudy primary
test_297,agriculture clear cultivation primary
test_298,agriculture cultivation partly_cloudy primary road water
test_299,clear primary
test_300,cloudy partly_cloudy
test_301,agriculture clear cultivation primary road water
test_302,clear primary
test_303,partly_cloudy primary
test_304,agriculture clear cultivation primary road
test_305,agriculture clear cultivation haze primary road water
test_306,clear primary water
test_307,clear primary water
test_308,agriculture partly_cloudy primary
test_309,clear primary
test_310,clear haze primary water
test_311,clear primary
test_312,clear primary
test_313,agriculture clear cultivation habitation primary road
test_314,cloudy
test_315,clear partly_cloudy primary
test_316,cloudy partly_cloudy primary
test_317,clear primary
test_318,partly_cloudy primary
test_319,agriculture partly_cloudy primary road water
test_320,clear primary
test_321,clear haze primary
test_322,agriculture clear cultivation primary
test_323,clear partly_cloudy primary
test_324,clear primary
test_325,agriculture clear cultivation primary water
test_326,clear primary
test_327,clear primary
test_328,clear primary
test_329,agriculture clear cultivation habitation primary road
test_330,clear primary
test_331,cloudy haze primary
test_332,clear primary
test_333,agriculture clear cultivation partly_cloudy primary road
test_334,cloudy
test_335,partly_cloudy primary water
test_336,clear partly_cloudy primary
test_337,agriculture clear habitation primary road
test_338,agriculture clear cultivation habitation primary road water
test_339,partly_cloudy primary
test_340,agriculture clear primary road water
test_341,agriculture clear cultivation primary road water
test_342,cloudy
test_343,agriculture clear habitation primary road
test_344,agriculture clear primary road water
test_345,agriculture partly_cloudy primary road water
test_346,clear primary
test_347,agriculture clear primary water
test_348,agriculture clear haze primary water
test_349,agriculture clear cultivation primary road
test_350,agriculture clear cultivation primary road water
test_351,clear primary
test_352,agriculture clear primary water
test_353,cloudy water
test_354,clear primary
test_355,clear primary
test_356,agriculture clear cultivation primary road
test_357,clear primary
test_358,agriculture haze primary
test_359,agriculture clear primary road water
test_360,agriculture clear cultivation primary road water
test_361,cloudy
test_362,agriculture clear cultivation habitation primary road
test_363,agriculture clear cultivation partly_cloudy primary road
test_364,agriculture clear cultivation primary road water
test_365,clear primary
test_366,agriculture clear cultivation habitation primary road
test_367,agriculture clear haze partly_cloudy primary
test_368,clear primary
test_369,agriculture clear primary road
test_370,clear primary
test_371,clear primary
test_372,agriculture clear cultivation habitation primary road
test_373,cloudy
test_374,agriculture clear haze primary road water
test_375,partly_cloudy primary
test_376,clear primary
test_377,clear partly_cloudy primary
test_378,agriculture partly_cloudy primary
test_379,cloudy haze primary water
test_380,agriculture cultivation partly_cloudy primary road water
test_381,clear primary
test_382,agriculture partly_cloudy primary road water
test_383,agriculture artisinal_mine bare_ground clear primary road water
test_384,clear primary
test_385,agriculture cultivation partly_cloudy primary road water
test_386,clear primary
test_387,clear primary
test_388,agriculture clear primary road water
test_389,agriculture cultivation haze primary road water
test_390,agriculture clear cultivation habitation primary road
test_391,clear primary
test_392,agriculture cloudy partly_cloudy primary
test_393,agriculture clear cultivation haze primary road water
test_394,clear primary
test_395,agriculture clear cultivation habitation primary road
test_396,clear primary
test_397,clear primary
test_398,agriculture clear primary road water
test_399,agriculture clear cultivation primary road water
test_400,clear primary
test_401,agriculture clear cultivation primary
test_402,cloudy
test_403,clear primary
test_404,agriculture clear primary
test_405,clear primary water
test_406,cloudy haze primary
test_407,clear primary
test_408,agriculture clear primary water
test_409,clear primary
test_410,cloudy
test_411,agriculture clear cultivation habitation primary road water
test_412,agriculture clear cultivation primary water
test_413,clear primary
test_414,cloudy
test_415,clear primary
test_416,agriculture clear cultivation habitation primary road water
test_417,agriculture clear habitation primary road water
test_418,clear primary
test_419,cloudy partly_cloudy primary
test_420,agriculture clear cultivation primary road water
test_421,clear haze primary
test_422,clear primary
test_423,clear primary
test_424,agriculture clear primary water
test_425,clear partly_cloudy primary
test_426,agriculture clear cultivation primary road water
test_427,agriculture artisinal_mine clear cultivation habitation primary road selective_logging water
test_428,agriculture clear cultivation primary water
test_429,agriculture clear cultivation partly_cloudy primary
test_430,agriculture clear cultivation habitation primary road
test_431,clear primary
test_432,clear primary
test_433,clear primary
test_434,agriculture clear cultivation primary road water
test_435,agriculture clear habitation primary road water
test_436,clear cloudy primary water
test_437,clear primary
test_438,agriculture clear primary road water
test_439,agriculture clear primary road water
test_440,agriculture cultivation partly_cloudy primary road
test_441,clear primary
test_442,agriculture clear cultivation primary road
test_443,agriculture cultivation partly_cloudy primary road water
test_444,agriculture cultivation partly_cloudy primary road water
test_445,clear primary
test_446,cloudy partly_cloudy primary
test_447,agriculture clear primary water
test_448,agriculture clear cultivation habitation primary road
test_449,cloudy haze primary water
test_450,clear partly_cloudy primary
test_451,agriculture cloudy partly_cloudy primary road water
test_452,haze primary
test_453,clear primary
test_454,clear primary
test_455,clear primary
test_456,cloudy
test_457,agriculture cloudy cultivation partly_cloudy primary road water
test_458,agriculture clear habitation primary road water
test_459,clear primary
test_460,clear primary
test_461,agriculture clear cultivation primary road
test_462,clear primary
test_463,clear primary
test_464,clear partly_cloudy primary
test_465,agriculture clear cultivation primary road
test_466,agriculture clear cultivation primary
test_467,haze primary
test_468,clear primary water
test_469,clear primary
test_470,clear primary
test_471,clear primary
test_472,partly_cloudy primary
test_473,agriculture clear habitation primary road water
test_474,clear partly_cloudy primary
test_475,clear primary
test_476,cloudy partly_cloudy primary
test_477,agriculture clear cultivation habitation primary road
test_478,agriculture clear cultivation habitation primary road water
test_479,cloudy haze
test_480,agriculture clear cultivation habitation primary
test_481,clear primary
test_482,clear primary
test_483,agriculture partly_cloudy primary
test_484,agriculture clear partly_cloudy primary road water
test_485,clear primary
test_486,clear primary
test_487,agriculture cultivation partly_cloudy primary road water
test_488,clear primary
test_489,agriculture clear haze primary road water
test_490,agriculture clear cultivation partly_cloudy primary road
test_491,agriculture clear habitation primary road water
test_492,clear primary
test_493,clear primary water
test_494,clear primary
test_495,clear primary
test_496,agriculture clear cultivation partly_cloudy primary
test_497,agriculture clear cultivation primary road water
test_498,clear primary
test_499,clear primary
test_500,clear primary
test_501,clear primary
test_502,clear primary
test_503,agriculture clear primary road
test_504,partly_cloudy primary
test_505,agriculture clear cultivation habitation primary road
test_506,clear primary
test_507,cloudy haze primary
test_508,agriculture clear habitation primary road water
test_509,clear primary
test_510,agriculture artisinal_mine bare_ground blooming clear cloudy conventional_mine partly_cloudy primary road selective_logging water
test_511,agriculture clear cultivation habitation primary road
test_512,cloudy haze primary
test_513,clear primary
test_514,agriculture cloudy cultivation haze partly_cloudy primary water
test_515,partly_cloudy primary
test_516,clear primary
test_517,agriculture clear cultivation habitation primary road water
test_518,agriculture cultivation habitation partly_cloudy primary road water
test_519,agriculture clear haze primary road water
test_520,cloudy
test_521,partly_cloudy primary
test_522,agriculture clear cultivation habitation primary road
test_523,clear partly_cloudy primary
test_524,agriculture haze primary
test_525,clear primary
test_526,agriculture clear habitation primary road
test_527,clear primary
test_528,agriculture clear cultivation primary road
test_529,partly_cloudy primary
test_530,agriculture artisinal_mine bare_ground clear cloudy cultivation partly_cloudy primary road water
test_531,agriculture clear primary water
test_532,clear primary
test_533,clear primary
test_534,clear primary
test_535,clear primary
test_536,clear cloudy haze primary water
test_537,agriculture cultivation partly_cloudy primary
test_538,clear primary
test_539,agriculture cultivation partly_cloudy primary road
test_540,agriculture clear cultivation habitation primary road selective_logging water
test_541,agriculture clear cultivation primary road water
test_542,agriculture clear primary water
test_543,clear primary
test_544,agriculture clear cultivation habitation primary road water
test_545,clear primary
test_546,agriculture clear cultivation habitation partly_cloudy primary road water
test_547,clear primary
test_548,agriculture partly_cloudy primary
test_549,agriculture cloudy haze primary road water
test_550,agriculture clear cultivation primary road water
test_551,agriculture clear partly_cloudy primary road
test_552,clear primary
test_553,agriculture clear haze primary road water
test_554,clear primary
test_555,agriculture clear primary road
test_556,cloudy
test_557,clear primary
test_558,agriculture cloudy partly_cloudy primary water
test_559,clear primary
test_560,clear primary
test_561,partly_cloudy primary
test_562,agriculture clear cultivation primary road
test_563,agriculture clear cultivation primary
test_564,clear habitation primary road
test_565,agriculture partly_cloudy primary water
test_566,clear primary
test_567,agriculture partly_cloudy primary
test_568,agriculture clear habitation primary road water
test_569,clear primary
test_570,partly_cloudy primary
test_571,clear primary
test_572,agriculture partly_cloudy primary
test_573,clear primary
test_574,clear primary
test_575,clear primary
test_576,clear primary
test_577,haze primary
test_578,haze primary
test_579,clear primary
test_580,agriculture clear habitation primary road
test_581,agriculture clear cultivation primary road water
test_582,agriculture clear cultivation primary
test_583,agriculture clear primary road
test_584,clear primary water
test_585,agriculture clear primary water
test_586,agriculture clear primary road water
test_587,agriculture clear cultivation habitation primary road
test_588,clear primary
test_589,partly_cloudy primary
test_590,clear primary
test_591,agriculture bare_ground clear primary road water
test_592,agriculture clear cultivation habitation primary road
test_593,clear primary
test_594,agriculture clear cultivation primary road water
test_595,agriculture partly_cloudy primary water
test_596,agriculture artisinal_mine clear cultivation habitation primary road water
test_597,agriculture clear cultivation partly_cloudy primary
test_598,agriculture partly_cloudy primary
test_599,clear primary
test_600,clear primary
test_601,agriculture clear cultivation haze primary road water
test_602,cloudy
test_603,clear primary
test_604,clear cloudy water
test_605,partly_cloudy primary
test_606,agriculture clear primary road
test_607,clear partly_cloudy primary
test_608,agriculture clear cultivation habitation primary road
test_609,clear haze primary
test_610,clear primary
test_611,agriculture artisinal_mine clear primary road water
test_612,clear primary
test_613,cloudy partly_cloudy primary
test_614,clear primary
test_615,agriculture clear cultivation primary water
test_616,clear primary
test_617,clear primary
test_618,clear primary
test_619,agriculture artisinal_mine bare_ground clear cultivation habitation primary road water
test_620,agriculture clear cultivation primary road
test_621,agriculture clear primary
test_622,agriculture clear cultivation habitation primary road
test_623,clear primary
test_624,clear primary
test_625,clear primary
test_626,clear primary
test_627,clear primary
test_628,clear primary
test_629,clear primary
test_630,agriculture clear habitation primary road water
test_631,agriculture haze primary water
test_632,cloudy
test_633,clear primary water
test_634,agriculture clear primary road
test_635,clear primary
test_636,clear primary
test_637,clear primary
test_638,clear primary
test_639,agriculture clear cultivation habitation primary
test_640,clear primary
test_641,agriculture clear primary road water
test_642,agriculture artisinal_mine bare_ground clear primary road water
test_643,agriculture clear cultivation primary
test_644,clear primary
test_645,agriculture partly_cloudy primary
test_646,partly_cloudy primary
test_647,agriculture clear cultivation habitation primary road selective_logging
test_648,agriculture bare_ground clear habitation primary road
test_649,agriculture clear cultivation habitation primary road
test_650,agriculture artisinal_mine bare_ground clear partly_cloudy primary road water
test_651,agriculture clear habitation primary road water
test_652,clear primary
test_653,agriculture clear cultivation partly_cloudy primary road water
test_654,cloudy haze primary
test_655,clear primary
test_656,clear primary
test_657,agriculture cultivation habitation partly_cloudy primary road water
test_658,clear primary water
test_659,clear primary
test_660,clear primary
test_661,clear primary
test_662,agriculture cloudy haze partly_cloudy primary water
test_663,partly_cloudy primary water
test_664,cloudy
test_665,clear primary
test_666,clear primary
test_667,clear primary
test_668,agriculture clear primary water
test_669,clear primary
test_670,agriculture cultivation partly_cloudy primary road
test_671,agriculture bare_ground clear primary road
test_672,clear primary
test_673,clear haze primary
test_674,agriculture partly_cloudy primary water
test_675,cloudy haze primary
test_676,agriculture clear cultivation primary road
test_677,clear partly_cloudy primary
test_678,agriculture clear primary road water
test_679,cloudy haze primary
test_680,agriculture clear cultivation primary
test_681,agriculture clear primary water
test_682,clear primary
test_683,clear partly_cloudy primary
test_684,clear primary
test_685,agriculture clear primary road water
test_686,clear primary
test_687,cloudy
test_688,agriculture clear primary road
test_689,agriculture clear cultivation primary road water
test_690,clear primary
test_691,agriculture clear cultivation partly_cloudy primary
test_692,haze primary
test_693,agriculture clear primary water
test_694,agriculture clear cultivation habitation primary road
test_695,agriculture clear cultivation primary
test_696,agriculture clear primary water
test_697,agriculture cloudy partly_cloudy primary
test_698,agriculture clear primary water
test_699,agriculture clear cultivation primary water
test_700,cloudy partly_cloudy
test_701,agriculture clear habitation primary road
test_702,cloudy
test_703,clear primary water
test_704,clear primary
test_705,clear primary
test_706,clear primary
test_707,agriculture bare_ground clear cultivation primary road water
test_708,clear primary
test_709,cloudy
test_710,clear primary water
test_711,clear haze primary
test_712,agriculture partly_cloudy primary
test_713,clear primary
test_714,cloudy partly_cloudy primary water
test_715,partly_cloudy primary
test_716,clear primary
test_717,clear primary
test_718,agriculture clear cultivation habitation primary road
test_719,clear primary
test_720,agriculture clear haze primary road water
test_721,clear primary
test_722,clear primary
test_723,agriculture artisinal_mine bare_ground clear cultivation habitation partly_cloudy primary road selective_logging water
test_724,agriculture clear cultivation primary road
test_725,agriculture clear habitation primary road
test_726,clear primary
test_727,agriculture partly_cloudy primary road water
test_728,clear primary
test_729,agriculture clear cultivation primary
test_730,agriculture clear cultivation primary
test_731,clear primary
test_732,clear primary
test_733,clear haze primary
test_734,clear primary
test_735,agriculture clear cultivation primary road
test_736,agriculture clear cultivation habitation primary road water
test_737,agriculture clear primary road water
test_738,agriculture clear primary road
test_739,agriculture clear cultivation primary road water
test_740,clear primary
test_741,agriculture artisinal_mine cloudy partly_cloudy primary water
test_742,clear primary
test_743,clear primary
test_744,agriculture clear cultivation habitation primary road water
test_745,clear primary
test_746,cloudy haze partly_cloudy primary water
test_747,agriculture clear cloudy haze primary road water
test_748,clear primary
test_749,partly_cloudy primary
test_750,agriculture clear habitation primary road
test_751,clear primary
test_752,cloudy haze primary
test_753,clear primary
test_754,cloudy
test_755,cloudy haze primary
test_756,agriculture clear habitation primary road
test_757,clear primary
test_758,cloudy
test_759,agriculture cloudy haze partly_cloudy primary water
test_760,clear primary
test_761,partly_cloudy primary
test_762,clear primary
test_763,agriculture clear primary water
test_764,agriculture clear cultivation habitation primary road water
test_765,clear primary
test_766,clear haze primary
test_767,agriculture clear habitation primary road water
test_768,clear primary
test_769,cloudy haze primary water
test_770,agriculture clear cultivation primary road
test_771,agriculture clear cultivation primary
test_772,agriculture partly_cloudy primary water
test_773,agriculture partly_cloudy primary water
test_774,agriculture clear cultivation partly_cloudy primary
test_775,agriculture clear haze primary water
test_776,agriculture clear primary water
test_777,agriculture clear habitation primary road water
test_778,agriculture clear cultivation habitation primary road
test_779,clear primary
test_780,clear primary
test_781,agriculture clear habitation primary road
test_782,agriculture clear partly_cloudy primary water
test_783,cloudy
test_784,agriculture clear cultivation primary road
test_785,partly_cloudy primary
test_786,clear partly_cloudy primary
test_787,agriculture clear cultivation primary road
test_788,cloudy
test_789,agriculture cloudy partly_cloudy primary
test_790,agriculture clear cultivation primary road selective_logging water
test_791,agriculture clear cultivation primary water
test_792,clear primary
test_793,partly_cloudy primary
test_794,agriculture clear cultivation primary water
test_795,agriculture artisinal_mine bare_ground clear cultivation partly_cloudy primary road water
test_796,clear primary
test_797,clear partly_cloudy primary
test_798,agriculture cultivation partly_cloudy primary water
test_799,clear primary
test_800,clear primary
test_801,agriculture clear cultivation primary road
test_802,agriculture clear primary road
test_803,agriculture clear cultivation primary road
test_804,clear haze primary
test_805,clear primary
test_806,clear primary
test_807,agriculture bare_ground clear primary road water
test_808,clear primary
test_809,clear primary
test_810,agriculture cultivation partly_cloudy primary water
test_811,clear primary
test_812,agriculture clear cultivation primary water
test_813,clear primary
test_814,agriculture clear primary road water
test_815,clear primary
test_816,agriculture clear primary water
test_817,cloudy
test_818,clear habitation primary road water
test_819,agriculture clear cloudy haze primary water
test_820,clear primary
test_821,agriculture bare_ground clear primary water
test_822,clear primary
test_823,cloudy haze
test_824,clear primary
test_825,agriculture haze primary water
test_826,agriculture clear habitation primary road
test_827,clear primary
test_828,clear haze primary water
test_829,clear primary
test_830,cloudy haze
test_831,clear primary
test_832,partly_cloudy primary water
test_833,agriculture haze partly_cloudy primary
test_834,clear primary
test_835,clear primary
test_836,clear primary
test_837,agriculture clear primary water
test_838,agriculture clear cultivation habitation primary road
test_839,clear primary
test_840,clear primary
test_841,clear primary water
test_842,clear primary
test_843,cloudy
test_844,agriculture clear cultivation habitation partly_cloudy primary road water
test_845,agriculture clear primary road
test_846,agriculture clear cultivation habitation primary road water
test_847,clear primary
test_848,cloudy
test_849,cloudy
test_850,agriculture clear partly_cloudy primary road water
test_851,clear primary
test_852,partly_cloudy primary
test_853,agriculture clear haze primary water
test_854,agriculture clear cultivation primary road water
test_855,clear primary
test_856,agriculture clear cultivation partly_cloudy primary
test_857,agriculture clear partly_cloudy primary water
test_858,agriculture clear cultivation haze primary
test_859,agriculture clear cultivation primary
test_860,clear primary
test_861,clear primary
test_862,partly_cloudy primary
test_863,clear primary
test_864,clear primary
test_865,cloudy
test_866,partly_cloudy primary
test_867,cloudy
test_868,clear primary
test_869,clear primary
test_870,agriculture clear cultivation primary water
test_871,partly_cloudy primary
test_872,agriculture clear primary road water
test_873,clear primary
test_874,clear primary
test_875,partly_cloudy primary
test_876,clear primary
test_877,agriculture clear cultivation partly_cloudy primary road water
test_878,agriculture clear cultivation partly_cloudy primary road water
test_879,agriculture clear primary road water
test_880,clear primary
test_881,agriculture clear cultivation primary road water
test_882,clear primary
test_883,cloudy haze water
test_884,clear primary
test_885,clear primary
test_886,agriculture haze primary water
test_887,agriculture cultivation partly_cloudy primary road water
test_888,cloudy partly_cloudy primary
test_889,cloudy haze primary
test_890,clear primary
test_891,agriculture clear cultivation primary road
test_892,clear partly_cloudy primary
test_893,partly_cloudy primary
test_894,agriculture clear primary road water
test_895,agriculture artisinal_mine bare_ground clear primary road
test_896,clear partly_cloudy primary water
test_897,cloudy haze primary water
test_898,cloudy
test_899,agriculture artisinal_mine clear habitation partly_cloudy primary road water
test_900,agriculture clear primary road
test_901,clear primary
test_902,cloudy haze primary
test_903,agriculture clear cultivation habitation partly_cloudy primary road
test_904,agriculture clear cultivation partly_cloudy primary road water
test_905,clear primary
test_906,agriculture clear cultivation primary road
test_907,clear primary
test_908,clear primary
test_909,clear primary
test_910,cloudy
test_911,clear primary
test_912,agriculture clear cultivation primary
test_913,agriculture clear cultivation habitation primary road
test_914,agriculture clear cloudy haze primary road water
test_915,clear primary
test_916,clear primary
test_917,agriculture cloudy haze primary water
test_918,clear primary
test_919,cloudy haze primary
test_920,clear primary
test_921,cloudy haze primary
test_922,cloudy
test_923,agriculture clear cultivation primary road water
test_924,cloudy partly_cloudy primary
test_925,cloudy
test_926,agriculture clear habitation primary road
test_927,agriculture clear primary water
test_928,agriculture clear primary road water
test_929,clear partly_cloudy primary
test_930,agriculture clear cultivation primary road selective_logging water
test_931,clear primary
test_932,clear primary
test_933,clear primary
test_934,agriculture partly_cloudy primary
test_935,clear primary road water
test_936,agriculture clear cultivation partly_cloudy primary water
test_937,cloudy haze
test_938,clear primary water
test_939,agriculture artisinal_mine clear cultivation habitation primary road selective_logging water
test_940,clear primary
test_941,agriculture clear cultivation primary road
test_942,agriculture clear primary road water
test_943,agriculture partly_cloudy primary
test_944,cloudy haze
test_945,clear primary
test_946,agriculture clear primary road water
test_947,clear partly_cloudy primary
test_948,clear partly_cloudy primary water
test_949,agriculture clear primary
test_950,partly_cloudy primary
test_951,agriculture clear cultivation partly_cloudy primary road water
test_952,agriculture artisinal_mine clear cloudy cultivation partly_cloudy primary road water
test_953,agriculture clear cultivation habitation primary road
test_954,partly_cloudy primary
test_955,agriculture clear primary water
test_956,partly_cloudy primary
test_957,agriculture cultivation partly_cloudy primary road water
test_958,agriculture clear cultivation haze primary road water
test_959,cloudy haze
test_960,partly_cloudy primary
test_961,agriculture partly_cloudy primary
test_962,clear primary
test_963,agriculture clear cultivation primary road water
test_964,clear primary
test_965,clear primary
test_966,clear primary
test_967,clear primary
test_968,agriculture clear cultivation partly_cloudy primary water
test_969,clear primary
test_970,clear primary
test_971,clear primary
test_972,agriculture clear cultivation primary
test_973,agriculture clear cultivation partly_cloudy primary road
test_974,agriculture artisinal_mine bare_ground clear cloudy primary road water
test_975,clear primary
test_976,agriculture clear cultivation primary
test_977,agriculture clear primary water
test_978,clear primary
test_979,partly_cloudy primary
test_980,agriculture clear habitation primary road water
test_981,agriculture clear primary
test_982,agriculture clear cultivation primary
test_983,clear primary
test_984,agriculture clear habitation primary road water
test_985,agriculture cultivation partly_cloudy primary road
test_986,clear primary
test_987,clear primary
test_988,clear primary
test_989,clear primary
test_990,haze primary
test_991,agriculture clear cultivation primary
test_992,clear primary
test_993,agriculture bare_ground clear primary road water
test_994,agriculture clear primary road water
test_995,agriculture clear cultivation primary road water
test_996,clear primary
test_997,clear primary
test_998,haze primary
test_999,clear primary
test_1000,agriculture clear primary road water
test_1001,clear primary
test_1002,clear primary
test_1003,agriculture artisinal_mine bare_ground clear partly_cloudy primary road water
test_1004,agriculture clear haze primary
test_1005,clear primary
test_1006,clear partly_cloudy primary
test_1007,clear primary
test_1008,agriculture cloudy haze partly_cloudy primary water
test_1009,agriculture clear cultivation habitation primary road water
test_1010,cloudy
test_1011,clear primary
test_1012,clear primary
test_1013,partly_cloudy primary
test_1014,clear primary
test_1015,agriculture clear cultivation primary road water
test_1016,agriculture clear cultivation habitation primary road
test_1017,agriculture clear cultivation haze primary road water
test_1018,agriculture clear cultivation partly_cloudy primary road water
test_1019,agriculture cultivation habitation partly_cloudy primary road water
test_1020,agriculture clear cultivation primary road water
test_1021,agriculture partly_cloudy primary
test_1022,cloudy
test_1023,agriculture clear cloudy haze partly_cloudy primary water
test_1024,clear primary
test_1025,agriculture clear primary road water
test_1026,agriculture cloudy haze partly_cloudy primary water
test_1027,agriculture clear cultivation primary road
test_1028,agriculture cultivation partly_cloudy primary road water
test_1029,agriculture clear haze primary road water
test_1030,agriculture clear cultivation primary water
test_1031,clear primary
test_1032,clear cloudy haze primary water
test_1033,agriculture cultivation partly_cloudy primary water
test_1034,clear primary
test_1035,clear primary
test_1036,clear primary
test_1037,agriculture clear cultivation primary
test_1038,agriculture clear primary road water
test_1039,cloudy
test_1040,clear primary
test_1041,partly_cloudy primary
test_1042,agriculture clear primary water
test_1043,cloudy haze primary
test_1044,agriculture clear cultivation partly_cloudy primary
test_1045,clear primary
test_1046,agriculture clear primary road water
test_1047,agriculture clear primary road water
test_1048,clear primary
test_1049,clear primary
test_1050,clear primary
test_1051,clear primary
test_1052,clear primary
test_1053,clear cloudy haze primary water
test_1054,partly_cloudy primary
test_1055,agriculture clear cultivation habitation primary road water
test_1056,cloudy haze primary
test_1057,agriculture clear cultivation habitation primary road
test_1058,agriculture clear cultivation primary road
test_1059,agriculture partly_cloudy primary
test_1060,agriculture clear primary road water
test_1061,clear primary
test_1062,agriculture clear partly_cloudy primary road water
test_1063,clear primary
test_1064,clear primary
test_1065,clear primary
test_1066,agriculture clear cultivation habitation primary road water
test_1067,clear primary
test_1068,cloudy
test_1069,agriculture clear cultivation primary water
test_1070,agriculture clear cultivation primary road water
test_1071,agriculture clear cultivation habitation primary road
test_1072,clear primary
test_1073,agriculture clear cultivation primary road
test_1074,clear primary
test_1075,agriculture cultivation partly_cloudy primary road water
test_1076,agriculture clear primary water
test_1077,clear primary water
test_1078,agriculture artisinal_mine bare_ground clear primary road water
test_1079,clear primary
test_1080,clear primary
test_1081,clear primary
test_1082,cloudy partly_cloudy primary water
test_1083,agriculture clear cultivation habitation primary road
test_1084,clear primary water
test_1085,clear haze primary
test_1086,agriculture bare_ground clear primary road water
test_1087,agriculture clear primary water
test_1088,clear primary
test_1089,clear habitation primary road
test_1090,agriculture clear primary road water
test_1091,agriculture clear primary water
test_1092,agriculture clear cultivation primary road water
test_1093,clear primary
test_1094,agriculture clear habitation primary road
test_1095,clear primary
test_1096,partly_cloudy primary
test_1097,agriculture clear cultivation partly_cloudy primary road water
test_1098,haze primary
test_1099,clear primary
test_1100,agriculture clear primary road
test_1101,agriculture clear cultivation habitation primary
test_1102,agriculture clear cultivation habitation primary road water
test_1103,agriculture clear primary water
test_1104,agriculture clear primary road water
test_1105,clear primary
test_1106,clear partly_cloudy primary
test_1107,agriculture bare_ground clear primary road
test_1108,agriculture cloudy cultivation partly_cloudy primary road water
test_1109,clear cloudy primary water
test_1110,agriculture clear primary water
test_1111,clear primary
test_1112,agriculture clear primary road water
test_1113,clear primary water
test_1114,clear cloudy water
test_1115,agriculture clear primary road water
test_1116,agriculture clear cultivation habitation primary road water
test_1117,partly_cloudy primary
test_1118,cloudy
test_1119,agriculture clear primary road water
test_1120,clear primary
test_1121,clear primary
test_1122,agriculture clear cultivation primary road
test_1123,agriculture artisinal_mine clear cultivation habitation primary road selective_logging water
test_1124,clear primary
test_1125,clear primary
test_1126,partly_cloudy primary
test_1127,agriculture clear cultivation habitation primary road water
test_1128,agriculture clear cultivation primary road water
test_1129,partly_cloudy primary
test_1130,clear primary
test_1131,cloudy haze primary
test_1132,cloudy
test_1133,clear primary
test_1134,agriculture clear cultivation primary road
test_1135,clear primary
test_1136,clear primary
test_1137,agriculture clear cultivation primary road
test_1138,clear primary
test_1139,cloudy
test_1140,partly_cloudy primary
test_1141,clear partly_cloudy primary
test_1142,haze primary
test_1143,clear primary
test_1144,agriculture clear cultivation habitation primary
test_1145,agriculture clear primary
test_1146,agriculture clear cultivation primary
test_1147,cloudy haze primary
test_1148,clear primary
test_1149,cloudy
test_1150,clear primary
test_1151,clear primary
test_1152,clear primary
test_1153,clear primary
test_1154,clear primary
test_1155,clear primary water
test_1156,agriculture clear haze primary
test_1157,haze partly_cloudy primary
test_1158,agriculture clear cultivation primary road
test_1159,agriculture cloudy partly_cloudy primary water
test_1160,agriculture clear cultivation haze primary
test_1161,cloudy partly_cloudy primary
test_1162,agriculture clear cultivation haze primary road water
test_1163,agriculture bare_ground clear partly_cloudy primary road water
test_1164,agriculture clear primary water
test_1165,agriculture clear cultivation primary road
test_1166,clear primary
test_1167,clear primary
test_1168,agriculture clear cultivation primary
test_1169,clear primary
test_1170,clear primary
test_1171,agriculture clear cultivation primary
test_1172,clear primary
test_1173,agriculture clear primary road
test_1174,clear habitation primary road water
test_1175,partly_cloudy primary
test_1176,agriculture clear cultivation haze primary road water
test_1177,cloudy
test_1178,clear primary
test_1179,agriculture clear primary
test_1180,agriculture clear cultivation primary road
test_1181,clear primary
test_1182,clear primary
test_1183,agriculture clear cultivation haze primary
test_1184,agriculture clear cultivation partly_cloudy primary
test_1185,agriculture bare_ground clear cultivation habitation primary road water
test_1186,cloudy haze
test_1187,clear primary
test_1188,agriculture clear primary water
test_1189,clear primary
test_1190,cloudy partly_cloudy primary
test_1191,agriculture bare_ground clear habitation primary road
test_1192,clear primary
test_1193,agriculture artisinal_mine clear cultivation habitation primary road selective_logging water
test_1194,clear primary
test_1195,agriculture artisinal_mine bare_ground clear partly_cloudy primary road water
test_1196,agriculture clear habitation primary road water
test_1197,agriculture clear cultivation habitation primary
test_1198,clear primary
test_1199,clear primary
test_1200,agriculture bare_ground clear habitation primary road water
test_1201,clear primary
test_1202,agriculture bare_ground clear primary road
test_1203,clear primary
test_1204,agriculture clear cultivation primary road
test_1205,clear primary
test_1206,clear cloudy primary water
test_1207,clear primary
test_1208,haze primary
test_1209,agriculture clear cultivation habitation primary water
test_1210,agriculture clear cultivation habitation primary road water
test_1211,agriculture clear primary road water
test_1212,clear primary
test_1213,clear partly_cloudy primary
test_1214,agriculture clear primary road water
test_1215,agriculture clear cultivation primary road water
test_1216,clear primary
test_1217,agriculture partly_cloudy primary road water
test_1218,agriculture clear cultivation habitation primary road
test_1219,partly_cloudy primary
test_1220,agriculture clear cultivation primary
test_1221,agriculture clear cultivation primary
test_1222,agriculture clear haze primary water
test_1223,agriculture cloudy partly_cloudy primary water
test_1224,clear primary
test_1225,clear primary
test_1226,agriculture clear cultivation habitation primary road
test_1227,cloudy
test_1228,agriculture partly_cloudy primary road water
test_1229,agriculture partly_cloudy primary water
test_1230,clear primary water
test_1231,agriculture clear cultivation habitation primary road water
test_1232,clear partly_cloudy primary water
test_1233,clear primary
test_1234,clear primary
test_1235,clear primary
test_1236,agriculture clear cloudy haze primary water
test_1237,agriculture clear cultivation primary road
test_1238,cloudy haze primary
test_1239,agriculture clear primary water
test_1240,clear primary
test_1241,agriculture clear habitation primary road
test_1242,clear haze primary
test_1243,clear primary
test_1244,clear primary
test_1245,agriculture cloudy haze primary water
test_1246,partly_cloudy primary
test_1247,agriculture clear cultivation primary road
test_1248,clear primary
test_1249,clear primary
test_1250,agriculture clear cultivation habitation primary road
test_1251,clear primary
test_1252,agriculture clear cultivation primary
test_1253,agriculture clear habitation partly_cloudy primary road water
test_1254,agriculture clear primary road
test_1255,agriculture clear haze primary road water
test_1256,agriculture cloudy partly_cloudy primary water
test_1257,clear primary
test_1258,agriculture bare_ground clear primary road water
test_1259,agriculture clear cultivation partly_cloudy primary road water
test_1260,clear primary
test_1261,agriculture clear cultivation primary
test_1262,clear haze primary
test_1263,agriculture clear cultivation habitation primary
test_1264,clear primary
test_1265,agriculture cultivation partly_cloudy primary water
test_1266,clear primary
test_1267,clear primary
test_1268,clear primary
test_1269,clear primary
test_1270,agriculture clear cultivation habitation haze primary road water
test_1271,clear primary
test_1272,partly_cloudy primary water
test_1273,clear primary
test_1274,clear primary
test_1275,clear primary
test_1276,agriculture clear primary road water
test_1277,agriculture clear cultivation habitation primary road water
test_1278,partly_cloudy primary
test_1279,partly_cloudy primary
test_1280,agriculture bare_ground clear primary road water
test_1281,agriculture clear primary water
test_1282,agriculture artisinal_mine bare_ground clear cultivation habitation primary road water
test_1283,cloudy
test_1284,agriculture clear cultivation primary road water
test_1285,clear primary
test_1286,clear primary
test_1287,agriculture clear cultivation primary
test_1288,agriculture clear cultivation primary road water
test_1289,clear primary
test_1290,agriculture clear haze primary water
test_1291,clear primary
test_1292,agriculture clear primary road
test_1293,agriculture clear cultivation primary
test_1294,agriculture clear cultivation partly_cloudy primary road water
test_1295,partly_cloudy primary water
test_1296,agriculture clear cultivation habitation primary road
test_1297,cloudy haze primary water
test_1298,clear primary
test_1299,clear primary
test_1300,agriculture clear cultivation habitation partly_cloudy primary road water
test_1301,clear primary
test_1302,cloudy partly_cloudy primary
test_1303,agriculture cultivation partly_cloudy primary road water
test_1304,partly_cloudy primary
test_1305,clear primary
test_1306,agriculture clear cultivation habitation haze primary road water
test_1307,agriculture cultivation partly_cloudy primary road water
test_1308,clear primary
test_1309,agriculture clear cultivation primary road
test_1310,clear primary
test_1311,agriculture clear cultivation habitation primary road water
test_1312,agriculture cloudy cultivation haze partly_cloudy primary water
test_1313,agriculture clear partly_cloudy primary road
test_1314,agriculture clear cultivation habitation primary road
test_1315,agriculture clear cultivation primary road
test_1316,clear primary
test_1317,clear primary
test_1318,agriculture clear cultivation primary
test_1319,clear primary
test_1320,clear primary
test_1321,agriculture clear cultivation primary water
test_1322,clear primary
test_1323,partly_cloudy primary
test_1324,clear primary
test_1325,clear primary
test_1326,clear primary
test_1327,cloudy haze primary
test_1328,agriculture clear cultivation habitation primary road water
test_1329,agriculture clear cultivation primary road
test_1330,agriculture clear cultivation primary
test_1331,agriculture partly_cloudy primary
test_1332,agriculture clear primary
test_1333,agriculture clear primary road water
test_1334,agriculture partly_cloudy primary road water
test_1335,agriculture clear cultivation habitation partly_cloudy primary road
test_1336,agriculture cultivation partly_cloudy primary road water
test_1337,clear primary
test_1338,agriculture bare_ground clear primary road
test_1339,agriculture partly_cloudy primary water
test_1340,cloudy
test_1341,clear primary
test_1342,agriculture clear haze primary water
test_1343,cloudy partly_cloudy primary water
test_1344,clear primary
test_1345,agriculture clear cultivation habitation primary road
test_1346,agriculture clear primary water
test_1347,clear primary
test_1348,clear primary
test_1349,clear partly_cloudy primary
test_1350,agriculture clear cultivation habitation primary road
test_1351,agriculture clear cultivation primary
test_1352,agriculture clear cultivation habitation primary
test_1353,agriculture bare_ground clear primary road
test_1354,partly_cloudy primary
test_1355,agriculture clear cultivation primary road water
test_1356,agriculture clear cultivation habitation primary road water
test_1357,clear primary
test_1358,clear primary water
test_1359,clear cloudy primary water
test_1360,agriculture cultivation partly_cloudy primary
test_1361,agriculture clear cultivation habitation partly_cloudy primary road
test_1362,clear primary
test_1363,agriculture haze primary
test_1364,agriculture partly_cloudy primary
test_1365,agriculture clear haze primary
test_1366,agriculture clear cultivation habitation primary
test_1367,cloudy haze primary
test_1368,agriculture artisinal_mine clear cultivation habitation primary road selective_logging water
test_1369,agriculture clear habitation primary road water
test_1370,agriculture clear cultivation primary road
test_1371,cloudy
test_1372,cloudy
test_1373,partly_cloudy primary
test_1374,clear primary
test_1375,agriculture clear cultivation primary road
test_1376,agriculture clear habitation primary road
test_1377,agriculture cultivation partly_cloudy primary road
test_1378,agriculture clear cultivation habitation primary road water
test_1379,agriculture cultivation partly_cloudy primary road water
test_1380,agriculture clear haze primary water
test_1381,clear primary
test_1382,agriculture clear cultivation primary road
test_1383,agriculture clear primary water
test_1384,agriculture clear primary water
test_1385,agriculture clear cultivation primary
test_1386,cloudy haze primary
test_1387,agriculture clear primary road
test_1388,agriculture clear cultivation primary road water
test_1389,clear primary
test_1390,partly_cloudy primary
test_1391,clear primary
test_1392,agriculture clear primary water
test_1393,agriculture clear cultivation primary road
test_1394,clear partly_cloudy primary
test_1395,agriculture clear cultivation primary road
test_1396,agriculture clear haze primary road water
test_1397,clear primary
test_1398,agriculture cultivation partly_cloudy primary road water
test_1399,agriculture clear habitation primary road water
test_1400,agriculture clear cultivation primary
test_1401,agriculture clear habitation primary road water
test_1402,agriculture clear cultivation habitation primary road water
test_1403,clear primary
test_1404,agriculture partly_cloudy primary water
test_1405,clear primary
test_1406,agriculture clear cultivation partly_cloudy primary road water
test_1407,cloudy partly_cloudy primary
test_1408,clear primary
test_1409,agriculture clear primary
test_1410,clear primary
test_1411,clear primary
test_1412,clear primary
test_1413,agriculture cultivation partly_cloudy primary road water
test_1414,clear primary
test_1415,partly_cloudy primary
test_1416,haze primary
test_1417,clear primary
test_1418,clear primary
test_1419,agriculture artisinal_mine bare_ground clear cloudy partly_cloudy primary road selective_logging water
test_1420,clear primary
test_1421,clear primary
test_1422,agriculture clear primary road water
test_1423,agriculture clear primary road water
test_1424,clear primary
test_1425,cloudy haze primary water
test_1426,clear primary
test_1427,agriculture clear primary road water
test_1428,agriculture clear primary road water
test_1429,clear primary
test_1430,clear primary
test_1431,clear primary
test_1432,agriculture clear cultivation habitation primary road selective_logging
test_1433,clear primary
test_1434,clear habitation primary road
test_1435,clear primary
test_1436,agriculture clear cultivation habitation primary road
test_1437,agriculture bare_ground clear primary road water
test_1438,agriculture clear habitation primary road water
test_1439,clear primary
test_1440,agriculture cultivation partly_cloudy primary road water
test_1441,clear primary
test_1442,agriculture clear cultivation habitation partly_cloudy primary road
test_1443,agriculture clear primary road water
test_1444,agriculture cultivation partly_cloudy primary
test_1445,cloudy haze primary
test_1446,agriculture clear cultivation primary water
test_1447,clear primary
test_1448,clear primary
test_1449,agriculture clear cultivation primary selective_logging
test_1450,cloudy haze
test_1451,partly_cloudy primary
test_1452,clear primary
test_1453,clear primary
test_1454,clear primary
test_1455,clear partly_cloudy primary
test_1456,clear primary
test_1457,cloudy
test_1458,agriculture clear primary road
test_1459,clear primary
test_1460,agriculture clear cultivation habitation primary
test_1461,agriculture clear cultivation habitation primary road
test_1462,clear primary
test_1463,agriculture artisinal_mine clear primary road water
test_1464,agriculture clear cultivation habitation partly_cloudy primary road water
test_1465,agriculture cultivation partly_cloudy primary road water
test_1466,partly_cloudy primary
test_1467,agriculture clear cultivation primary
test_1468,clear primary
test_1469,agriculture clear cultivation partly_cloudy primary
test_1470,agriculture clear cultivation haze primary road water
test_1471,clear primary
test_1472,clear primary
test_1473,agriculture clear primary water
test_1474,clear primary
test_1475,agriculture partly_cloudy primary water
test_1476,clear cloudy water
test_1477,agriculture cultivation haze partly_cloudy primary road
test_1478,agriculture artisinal_mine bare_ground clear primary road water
test_1479,clear primary
test_1480,haze primary
test_1481,agriculture clear habitation primary road water
test_1482,agriculture artisinal_mine clear primary road selective_logging water
test_1483,agriculture clear habitation primary road
test_1484,clear primary
test_1485,clear primary
test_1486,agriculture clear cultivation partly_cloudy primary road
test_1487,agriculture clear haze primary water
test_1488,agriculture partly_cloudy primary
test_1489,agriculture artisinal_mine bare_ground clear primary road water
test_1490,agriculture clear cultivation primary
test_1491,agriculture clear cultivation habitation partly_cloudy primary road water
test_1492,clear partly_cloudy primary
test_1493,agriculture clear cultivation primary
test_1494,agriculture clear primary road
test_1495,agriculture clear cultivation habitation partly_cloudy primary road
test_1496,agriculture clear cultivation habitation primary road water
test_1497,agriculture clear cultivation habitation primary road water
test_1498,agriculture cultivation partly_cloudy primary road water
test_1499,partly_cloudy primary
test_1500,clear primary
test_1501,agriculture clear cultivation primary road
test_1502,clear primary
test_1503,clear primary
test_1504,clear primary
test_1505,agriculture cultivation partly_cloudy primary road
test_1506,clear primary
test_1507,clear primary
test_1508,clear primary
test_1509,agriculture clear cultivation habitation primary road
test_1510,clear primary water
test_1511,agriculture partly_cloudy primary water
test_1512,clear cloudy primary water
test_1513,clear primary
test_1514,agriculture clear cultivation haze primary road
test_1515,agriculture clear cultivation habitation primary road selective_logging water
test_1516,clear primary
test_1517,clear primary water
test_1518,clear primary
test_1519,cloudy
test_1520,clear primary
test_1521,agriculture clear cultivation habitation primary road
test_1522,clear primary
test_1523,cloudy partly_cloudy primary
test_1524,clear primary
test_1525,agriculture cultivation partly_cloudy primary road water
test_1526,clear primary
test_1527,agriculture clear cultivation haze primary road water
test_1528,clear primary
test_1529,agriculture clear cultivation partly_cloudy primary road water
test_1530,agriculture clear cultivation primary
test_1531,partly_cloudy primary water
test_1532,clear primary
test_1533,cloudy
test_1534,agriculture clear partly_cloudy primary road
test_1535,cloudy
test_1536,cloudy
test_1537,clear primary
test_1538,clear primary
test_1539,clear primary
test_1540,clear primary
test_1541,partly_cloudy primary
test_1542,cloudy
test_1543,agriculture partly_cloudy primary water
test_1544,agriculture clear cultivation habitation primary road water
test_1545,clear primary
test_1546,clear primary
test_1547,agriculture clear cultivation partly_cloudy primary road water
test_1548,clear primary water
test_1549,agriculture cloudy partly_cloudy primary
test_1550,clear primary
test_1551,clear primary
test_1552,agriculture partly_cloudy primary water
test_1553,agriculture clear habitation primary road water
test_1554,agriculture clear cultivation primary
test_1555,clear habitation primary road
test_1556,clear primary
test_1557,partly_cloudy primary
test_1558,agriculture clear cultivation haze primary
test_1559,clear cloudy haze primary water
test_1560,clear primary
test_1561,agriculture cloudy haze primary water
test_1562,cloudy partly_cloudy primary
test_1563,agriculture clear primary road water
test_1564,clear primary
test_1565,agriculture clear haze primary water
test_1566,agriculture bare_ground clear primary road water
test_1567,clear primary
test_1568,cloudy haze primary water
test_1569,clear primary
test_1570,agriculture clear primary water
test_1571,clear primary water
test_1572,clear primary
test_1573,cloudy
test_1574,partly_cloudy primary
test_1575,agriculture clear cultivation habitation primary road
test_1576,clear primary
test_1577,clear primary
test_1578,agriculture clear cultivation primary road
test_1579,clear primary
test_1580,clear primary
test_1581,clear primary water
test_1582,agriculture clear cultivation habitation primary road
test_1583,agriculture clear cultivation primary road water
test_1584,agriculture clear primary
test_1585,clear primary
test_1586,agriculture clear cultivation primary
test_1587,agriculture bare_ground clear habitation primary road water
test_1588,agriculture clear primary road water
test_1589,agriculture clear cultivation habitation primary road
test_1590,agriculture clear cultivation primary road
test_1591,agriculture clear cultivation habitation primary road selective_logging water
test_1592,agriculture clear cultivation habitation primary road
test_1593,agriculture clear cultivation primary
test_1594,agriculture clear primary road water
test_1595,agriculture cultivation partly_cloudy primary road water
test_1596,agriculture clear partly_cloudy primary road water
test_1597,clear primary
test_1598,clear primary
test_1599,clear primary
test_1600,agriculture clear cultivation habitation primary road water
test_1601,clear primary water
test_1602,agriculture clear cloudy cultivation partly_cloudy primary road water
test_1603,agriculture clear cultivation primary road
test_1604,agriculture clear primary road water
test_1605,clear primary
test_1606,cloudy
test_1607,clear partly_cloudy primary
test_1608,clear primary
test_1609,clear primary
test_1610,agriculture clear haze primary road water
test_1611,agriculture clear cultivation habitation primary road water
test_1612,clear primary
test_1613,agriculture clear cultivation habitation partly_cloudy primary road water
test_1614,agriculture clear habitation primary road
test_1615,clear primary
test_1616,agriculture cloudy partly_cloudy primary road water
test_1617,agriculture clear cultivation habitation primary road
test_1618,agriculture clear cultivation primary road water
test_1619,clear haze primary
test_1620,agriculture clear cultivation primary road water
test_1621,clear partly_cloudy primary
test_1622,clear primary
test_1623,agriculture clear cultivation haze primary road water
test_1624,agriculture clear cultivation primary
test_1625,haze primary
test_1626,agriculture clear cultivation habitation primary road water
test_1627,agriculture partly_cloudy primary water
test_1628,agriculture clear habitation primary road water
test_1629,clear primary
test_1630,agriculture artisinal_mine cloudy partly_cloudy primary water
test_1631,clear primary
test_1632,agriculture clear cultivation habitation primary road
test_1633,haze primary
test_1634,agriculture clear habitation primary road
test_1635,clear primary
test_1636,agriculture clear cultivation primary road
test_1637,clear primary
test_1638,agriculture partly_cloudy primary water
test_1639,clear primary
test_1640,agriculture clear cultivation habitation primary road
test_1641,agriculture bare_ground clear cultivation habitation primary road
test_1642,agriculture clear cultivation habitation primary road
test_1643,clear primary
test_1644,clear primary
test_1645,agriculture partly_cloudy primary water
test_1646,cloudy partly_cloudy
test_1647,agriculture clear cultivation primary road
test_1648,agriculture clear primary road
test_1649,partly_cloudy primary
test_1650,agriculture bare_ground clear habitation primary road water
test_1651,agriculture cultivation partly_cloudy primary
test_1652,agriculture cloudy haze primary water
test_1653,agriculture partly_cloudy primary
test_1654,agriculture clear cultivation habitation primary road water
test_1655,agriculture clear cultivation habitation primary road water
test_1656,agriculture cultivation partly_cloudy primary road water
test_1657,agriculture clear cultivation habitation primary road water
test_1658,agriculture clear primary road
test_1659,agriculture clear cultivation partly_cloudy primary road water
test_1660,agriculture partly_cloudy primary water
test_1661,clear primary
test_1662,agriculture clear cultivation primary road water
test_1663,cloudy partly_cloudy primary
test_1664,agriculture clear cultivation haze primary
test_1665,agriculture clear primary road water
test_1666,clear primary
test_1667,clear primary
test_1668,clear primary
test_1669,agriculture cloudy partly_cloudy primary water
test_1670,agriculture clear cultivation primary water
test_1671,clear primary
test_1672,clear primary
test_1673,haze primary
test_1674,agriculture clear cultivation primary
test_1675,agriculture clear primary water
test_1676,agriculture clear cultivation habitation primary road water
test_1677,agriculture partly_cloudy primary road water
test_1678,agriculture clear primary water
test_1679,cloudy
test_1680,clear primary
test_1681,agriculture bare_ground clear primary road water
test_1682,agriculture clear cultivation primary
test_1683,cloudy partly_cloudy primary water
test_1684,agriculture clear cultivation primary water
test_1685,agriculture clear cultivation habitation primary road
test_1686,partly_cloudy primary
test_1687,agriculture clear haze primary
test_1688,agriculture cultivation partly_cloudy primary road water
test_1689,clear primary
test_1690,agriculture clear primary road water
test_1691,agriculture clear primary road water
test_1692,clear primary
test_1693,clear primary
test_1694,agriculture clear primary road water
test_1695,agriculture clear cultivation habitation primary water
test_1696,clear primary
test_1697,clear partly_cloudy primary
test_1698,agriculture clear cultivation primary road water
test_1699,clear primary
test_1700,clear primary
test_1701,clear primary
test_1702,clear primary
test_1703,clear primary
test_1704,clear primary
test_1705,clear primary
test_1706,agriculture clear cultivation partly_cloudy primary road water
test_1707,clear partly_cloudy primary water
test_1708,clear primary
test_1709,agriculture clear cultivation partly_cloudy primary road
test_1710,agriculture clear cultivation haze primary road water
test_1711,agriculture clear cultivation primary water
test_1712,clear primary
test_1713,agriculture cultivation partly_cloudy primary road water
test_1714,agriculture clear cultivation habitation primary road
test_1715,agriculture clear cultivation habitation partly_cloudy primary road water
test_1716,clear primary
test_1717,clear primary water
test_1718,clear primary
test_1719,clear primary
test_1720,clear cloudy primary water
test_1721,agriculture clear cultivation primary
test_1722,agriculture clear primary road water
test_1723,agriculture artisinal_mine bare_ground clear habitation primary road water
test_1724,clear primary
test_1725,clear primary
test_1726,agriculture clear cultivation habitation primary road selective_logging water
test_1727,agriculture clear haze primary water
test_1728,cloudy haze primary
test_1729,agriculture clear cultivation primary road
test_1730,agriculture clear cultivation habitation primary road
test_1731,agriculture clear cultivation habitation primary road water
test_1732,partly_cloudy primary
test_1733,clear primary
test_1734,agriculture clear cultivation primary
test_1735,agriculture clear primary water
test_1736,agriculture clear haze primary
test_1737,cloudy
test_1738,agriculture clear cultivation primary road water
test_1739,agriculture artisinal_mine bare_ground clear cloudy primary road water
test_1740,clear primary
test_1741,clear primary
test_1742,clear primary
test_1743,agriculture clear cultivation habitation primary road selective_logging water
test_1744,agriculture clear primary road water
test_1745,partly_cloudy primary
test_1746,cloudy
test_1747,clear primary
test_1748,clear primary
test_1749,clear primary
test_1750,agriculture clear partly_cloudy primary road
test_1751,clear primary
test_1752,agriculture clear primary water
test_1753,agriculture clear primary water
test_1754,clear primary
test_1755,clear partly_cloudy primary
test_1756,clear primary
test_1757,agriculture cultivation partly_cloudy primary road water
test_1758,agriculture clear cultivation habitation primary road
test_1759,agriculture partly_cloudy primary road water
test_1760,clear primary
test_1761,cloudy haze primary water
test_1762,clear primary
test_1763,agriculture cultivation partly_cloudy primary road water
test_1764,agriculture clear cloudy haze primary water
test_1765,agriculture clear cultivation primary road water
test_1766,agriculture clear cultivation habitation primary road
test_1767,agriculture clear cultivation habitation primary road water
test_1768,cloudy
test_1769,agriculture clear cultivation habitation primary road selective_logging water
test_1770,clear primary
test_1771,agriculture clear primary road water
test_1772,clear primary
test_1773,cloudy
test_1774,clear primary
test_1775,clear primary
test_1776,clear primary
test_1777,clear primary
test_1778,agriculture clear cultivation habitation primary road water
test_1779,clear primary
test_1780,clear primary
test_1781,cloudy haze
test_1782,agriculture clear cultivation primary road
test_1783,agriculture bare_ground clear primary road
test_1784,agriculture clear cultivation primary road
test_1785,clear haze primary water
test_1786,agriculture clear haze primary water
test_1787,agriculture artisinal_mine bare_ground clear cultivation primary road water
test_1788,clear primary
test_1789,clear partly_cloudy primary
test_1790,agriculture clear cultivation primary road
test_1791,agriculture clear primary road water
test_1792,clear primary
test_1793,clear primary
test_1794,clear primary
test_1795,agriculture clear primary road water
test_1796,clear primary
test_1797,agriculture clear cultivation partly_cloudy primary water
test_1798,agriculture clear primary water
test_1799,clear primary
test_1800,partly_cloudy primary
test_1801,clear primary
test_1802,agriculture clear cultivation partly_cloudy primary road
test_1803,agriculture partly_cloudy primary
test_1804,clear primary
test_1805,agriculture clear cultivation primary road
test_1806,clear primary
test_1807,clear primary
test_1808,clear primary
test_1809,clear primary
test_1810,clear primary
test_1811,agriculture clear habitation primary road
test_1812,agriculture cultivation partly_cloudy primary road
test_1813,agriculture clear cultivation primary water
test_1814,agriculture clear partly_cloudy primary road water
test_1815,clear habitation primary road water
test_1816,clear primary
test_1817,clear primary
test_1818,agriculture clear cultivation habitation primary road
test_1819,agriculture clear habitation primary road water
test_1820,agriculture clear cultivation habitation primary road
test_1821,agriculture clear cultivation habitation primary road
test_1822,clear primary
test_1823,partly_cloudy primary
test_1824,agriculture clear cultivation habitation primary road
test_1825,agriculture clear cultivation habitation primary
test_1826,cloudy
test_1827,clear primary
test_1828,clear primary
test_1829,clear primary
test_1830,agriculture clear primary road water
test_1831,clear primary
test_1832,clear partly_cloudy primary
test_1833,clear primary
test_1834,cloudy haze primary
test_1835,haze primary
test_1836,clear primary
test_1837,clear primary
test_1838,clear partly_cloudy primary
test_1839,agriculture clear primary water
test_1840,agriculture clear habitation primary road water
test_1841,clear haze primary
test_1842,partly_cloudy primary
test_1843,cloudy haze primary
test_1844,clear primary
test_1845,agriculture clear cultivation habitation primary road water
test_1846,agriculture cultivation partly_cloudy primary road water
test_1847,clear primary
test_1848,clear partly_cloudy primary
test_1849,clear primary
test_1850,agriculture partly_cloudy primary
test_1851,clear primary
test_1852,agriculture clear cultivation primary road
test_1853,agriculture clear habitation primary road
test_1854,clear primary
test_1855,agriculture clear cultivation habitation primary road
test_1856,agriculture clear primary road
test_1857,agriculture clear cultivation primary
test_1858,agriculture clear habitation primary road water
test_1859,clear primary water
test_1860,clear primary
test_1861,cloudy haze primary water
test_1862,clear primary road
test_1863,agriculture clear habitation primary road
test_1864,agriculture clear primary road water
test_1865,agriculture cloudy partly_cloudy primary
test_1866,clear primary
test_1867,clear primary
test_1868,agriculture artisinal_mine bare_ground clear cultivation primary road water
test_1869,agriculture clear cultivation habitation primary road
test_1870,agriculture clear cultivation habitation primary road
test_1871,partly_cloudy primary
test_1872,clear haze primary
test_1873,agriculture clear cultivation haze primary
test_1874,clear partly_cloudy primary
test_1875,haze partly_cloudy primary
test_1876,clear primary
test_1877,agriculture clear cultivation primary
test_1878,agriculture clear primary road water
test_1879,agriculture clear primary water
test_1880,agriculture clear cultivation primary
test_1881,clear primary
test_1882,haze primary
test_1883,agriculture clear habitation primary road water
test_1884,clear haze primary
test_1885,clear primary
test_1886,clear primary
test_1887,agriculture clear primary
test_1888,clear primary
test_1889,partly_cloudy primary
test_1890,agriculture clear cultivation primary road water
test_1891,clear primary
test_1892,agriculture clear cultivation primary
test_1893,clear primary
test_1894,clear primary
test_1895,clear primary
test_1896,cloudy
test_1897,clear haze primary
test_1898,agriculture clear cultivation primary road
test_1899,clear haze primary
test_1900,agriculture partly_cloudy primary road
test_1901,agriculture cultivation partly_cloudy primary
test_1902,agriculture clear cultivation habitation primary road
test_1903,partly_cloudy primary
test_1904,clear primary
test_1905,agriculture artisinal_mine bare_ground clear primary road
test_1906,clear primary
test_1907,clear primary
test_1908,clear primary
test_1909,agriculture clear cultivation partly_cloudy primary
test_1910,clear primary
test_1911,agriculture cultivation partly_cloudy primary water
test_1912,clear primary
test_1913,clear primary
test_1914,agriculture partly_cloudy primary water
test_1915,clear primary
test_1916,clear primary
test_1917,clear primary
test_1918,agriculture clear cultivation partly_cloudy primary road
test_1919,clear primary
test_1920,agriculture cloudy haze primary water
test_1921,agriculture haze primary water
test_1922,agriculture clear cultivation primary road
test_1923,clear haze primary
test_1924,agriculture clear primary water
test_1925,agriculture cultivation partly_cloudy primary road water
test_1926,agriculture clear cultivation primary road
test_1927,agriculture clear cultivation partly_cloudy primary road water
test_1928,clear primary
test_1929,clear primary
test_1930,agriculture bare_ground clear cultivation habitation primary road water
test_1931,clear primary
test_1932,clear primary water
test_1933,agriculture clear primary water
test_1934,agriculture clear cultivation partly_cloudy primary road water
test_1935,agriculture cloudy partly_cloudy primary road water
test_1936,agriculture cultivation partly_cloudy primary road water
test_1937,clear primary
test_1938,clear primary
test_1939,clear primary
test_1940,clear primary
test_1941,agriculture cultivation partly_cloudy primary road water
test_1942,clear primary
test_1943,clear primary
test_1944,clear primary
test_1945,agriculture clear primary water
test_1946,clear primary
test_1947,agriculture cloudy partly_cloudy primary water
test_1948,agriculture cultivation habitation partly_cloudy primary road water
test_1949,agriculture clear primary water
test_1950,clear primary
test_1951,agriculture clear cultivation primary road
test_1952,agriculture clear cultivation primary road water
test_1953,agriculture clear cultivation primary road water
test_1954,partly_cloudy primary
test_1955,agriculture clear cultivation primary water
test_1956,agriculture clear cultivation habitation primary
test_1957,clear primary
test_1958,agriculture partly_cloudy primary water
test_1959,agriculture clear cultivation habitation primary road
test_1960,agriculture clear cultivation habitation primary road water
test_1961,agriculture clear partly_cloudy primary water
test_1962,clear primary
test_1963,clear primary
test_1964,agriculture partly_cloudy primary road water
test_1965,agriculture clear primary water
test_1966,clear primary
test_1967,agriculture bare_ground clear habitation primary road
test_1968,clear primary
test_1969,clear primary
test_1970,clear primary
test_1971,agriculture clear cultivation habitation primary road
test_1972,agriculture clear cultivation primary road water
test_1973,clear primary
test_1974,clear primary
test_1975,agriculture cultivation haze primary water
test_1976,agriculture partly_cloudy primary
test_1977,clear primary
test_1978,agriculture partly_cloudy primary water
test_1979,agriculture clear cultivation habitation primary road water
test_1980,agriculture clear cultivation habitation primary road water
test_1981,clear primary
test_1982,clear primary
test_1983,agriculture partly_cloudy primary
test_1984,agriculture clear primary road water
test_1985,clear primary water
test_1986,clear primary
test_1987,clear primary
test_1988,clear primary
test_1989,agriculture clear cultivation habitation primary road
test_1990,agriculture clear cultivation habitation primary road
test_1991,agriculture clear primary road
test_1992,agriculture cultivation partly_cloudy primary road
test_1993,clear primary
test_1994,clear primary
test_1995,agriculture clear cultivation primary road water
test_1996,agriculture clear cultivation primary road
test_1997,agriculture clear cultivation partly_cloudy primary road
test_1998,agriculture clear cultivation habitation primary road
test_1999,agriculture partly_cloudy primary water
